ResponseId,Q7,Examsoft,ProctorU,Respondus,RPNow,Other,Q34_2,Q34_3,Q34_4,Q34_5,Q34_6,Q34_7,Q34_8,Q34_9,Q34_10,Q34_11
R_xxgR2nBYBqt22zL,Respondus,,,Extremely Concerned,,,,Extremely Concerned,Extremely Concerned,Not at all Concerned,Not at all Concerned,Extremely Concerned,Extremely Concerned,Extremely Concerned,Extremely Concerned,Not at all Concerned
R_3rUiQC1VIie88yc,Respondus,,,Somewhat Concerned,,,,Somewhat Concerned,Moderately Concerned,Slightly Concerned,Slightly Concerned,Somewhat Concerned,Somewhat Concerned,Slightly Concerned,Slightly Concerned,Not at all Concerned
R_10JJtgPJ5vEkvEy,ProctorU,,Not at all Concerned,,,,,Not at all Concerned,Not at all Concerned,Not at all Concerned,Not at all Concerned,Not at all Concerned,Not at all Concerned,Not at all Concerned,Not at all Concerned,Not at all Concerned
R_1laTV7GioLkl7GC,Other (Please specify),,,,,Somewhat Concerned,,Somewhat Concerned,Somewhat Concerned,Somewhat Concerned,Somewhat Concerned,Somewhat Concerned,Somewhat Concerned,Somewhat Concerned,Somewhat Concerned,Somewhat Concerned
R_1Lo3vqbmrfq2OSc,Respondus,,,Somewhat Concerned,,,,Somewhat Concerned,Extremely Concerned,Somewhat Concerned,Somewhat Concerned,Somewhat Concerned,Somewhat Concerned,Somewhat Concerned,Somewhat Concerned,Somewhat Concerned
R_SZEy3bxuQafYPAt,Respondus,,,Slightly Concerned,,,,Not at all Concerned,Extremely Concerned,Slightly Concerned,Slightly Concerned,Not at all Concerned,Not at all Concerned,Not at all Concerned,Not at all Concerned,Not at all Concerned
R_1dy5ZcEklvFBkRf,RPNow (),,,,Not at all Concerned,,,Not at all Concerned,Extremely Concerned,Slightly Concerned,Not at all Concerned,Not at all Concerned,Not at all Concerned,Not at all Concerned,Not at all Concerned,Slightly Concerned
R_zf2G4MXsH0LQbKh,Other (Please specify),,,,,Extremely Concerned,,Extremely Concerned,Extremely Concerned,Extremely Concerned,Extremely Concerned,Extremely Concerned,Extremely Concerned,Extremely Concerned,Extremely Concerned,Extremely Concerned
R_3Ia7rRRp8jn0pVq,Respondus,,,Slightly Concerned,,,,Not at all Concerned,Extremely Concerned,Extremely Concerned,Extremely Concerned,Not at all Concerned,Slightly Concerned,Slightly Concerned,Somewhat Concerned,Not at all Concerned
R_2ByvQ4CrDcGDzV8,Examsoft,Not at all Concerned,,,,,,Moderately Concerned,Extremely Concerned,Somewhat Concerned,Slightly Concerned,Not at all Concerned,Somewhat Concerned,Not at all Concerned,Somewhat Concerned,Moderately Concerned
R_2wtsffSpp3iArtP,Other (Please specify),,,,,Somewhat Concerned,,Somewhat Concerned,Somewhat Concerned,Somewhat Concerned,Somewhat Concerned,Somewhat Concerned,Somewhat Concerned,Somewhat Concerned,Somewhat Concerned,Somewhat Concerned
R_DDitAE9bDhnUgql,Respondus,,,Moderately Concerned,,,,Extremely Concerned,Extremely Concerned,Extremely Concerned,Extremely Concerned,Extremely Concerned,Extremely Concerned,Moderately Concerned,Extremely Concerned,Extremely Concerned
R_R9neLfVroeGJSj7,Examsoft,Slightly Concerned,,,,,,Not at all Concerned,Moderately Concerned,Moderately Concerned,Not at all Concerned,Not at all Concerned,Not at all Concerned,Not at all Concerned,Not at all Concerned,Not at all Concerned
R_1DZn1lLvUnQdssQ,Respondus,,,Somewhat Concerned,,,,Somewhat Concerned,Extremely Concerned,Somewhat Concerned,Somewhat Concerned,Not at all Concerned,Not at all Concerned,Not at all Concerned,Not at all Concerned,Not at all Concerned
R_1GJ4fI4ldXCLjOI,Other (Please specify),,,,,Somewhat Concerned,,Somewhat Concerned,Extremely Concerned,Somewhat Concerned,Somewhat Concerned,Slightly Concerned,Slightly Concerned,Slightly Concerned,Not at all Concerned,Not at all Concerned
R_uy2ionLPQqwyGrf,Respondus,,,Moderately Concerned,,,,Moderately Concerned,Extremely Concerned,Moderately Concerned,Moderately Concerned,Somewhat Concerned,Somewhat Concerned,Somewhat Concerned,Somewhat Concerned,Moderately Concerned
R_1HbC0kAIur9b835,Respondus,,,Moderately Concerned,,,,Somewhat Concerned,Moderately Concerned,Somewhat Concerned,Somewhat Concerned,Somewhat Concerned,Somewhat Concerned,Somewhat Concerned,Somewhat Concerned,Somewhat Concerned
R_QaJJ90CEf2yOZCV,Respondus,,,Somewhat Concerned,,,,Somewhat Concerned,Extremely Concerned,Slightly Concerned,Slightly Concerned,Not at all Concerned,Not at all Concerned,Slightly Concerned,Not at all Concerned,Not at all Concerned
R_1Qmc5taIHgtiqm7,Respondus,,,Moderately Concerned,,,,Moderately Concerned,Extremely Concerned,Somewhat Concerned,Somewhat Concerned,Moderately Concerned,Extremely Concerned,Somewhat Concerned,Moderately Concerned,Not at all Concerned
R_1JRgXi5Eg2fMWYz,RPNow (),,,,Moderately Concerned,,,Not at all Concerned,Extremely Concerned,Not at all Concerned,Not at all Concerned,Not at all Concerned,Not at all Concerned,Not at all Concerned,Not at all Concerned,Not at all Concerned
R_2whmJviFAaRw9RV,Respondus,,,Not at all Concerned,,,,Not at all Concerned,Not at all Concerned,Not at all Concerned,Not at all Concerned,Not at all Concerned,Not at all Concerned,Not at all Concerned,Not at all Concerned,Not at all Concerned
R_2dhlE62KjqYZ0hI,Respondus,,,Moderately Concerned,,,,Moderately Concerned,Extremely Concerned,Somewhat Concerned,Somewhat Concerned,Slightly Concerned,Slightly Concerned,Slightly Concerned,Not at all Concerned,Not at all Concerned
R_1LRJoZJO7s9RGf7,Other (Please specify),,,,,Slightly Concerned,,Slightly Concerned,Extremely Concerned,Slightly Concerned,Slightly Concerned,Not at all Concerned,Not at all Concerned,Not at all Concerned,Not at all Concerned,Not at all Concerned
R_1r07Pa4ecdVBFus,RPNow (),,,,Somewhat Concerned,,,Somewhat Concerned,Moderately Concerned,Slightly Concerned,Slightly Concerned,Not at all Concerned,Not at all Concerned,Not at all Concerned,Not at all Concerned,Not at all Concerned
R_1IQQnYLDAqQoVUI,Respondus,,,Extremely Concerned,,,,Slightly Concerned,Extremely Concerned,Slightly Concerned,Slightly Concerned,Not at all Concerned,Slightly Concerned,Slightly Concerned,Slightly Concerned,Not at all Concerned
R_OcI5fmeuckGNlqV,Respondus,,,Extremely Concerned,,,,Moderately Concerned,Extremely Concerned,Extremely Concerned,Extremely Concerned,Slightly Concerned,Slightly Concerned,Somewhat Concerned,Slightly Concerned,Somewhat Concerned