ResponseId,Q7,Examsoft,ProctorU,Respondus,RPNow,Other,Q34_9,Q34_10,Q34_11
R_xxgR2nBYBqt22zL,Respondus,,,Extremely Concerned,,,,Extremely Concerned,Not at all Concerned
R_3rUiQC1VIie88yc,Respondus,,,Slightly Concerned,,,,Slightly Concerned,Not at all Concerned
R_10JJtgPJ5vEkvEy,ProctorU,,Not at all Concerned,,,,,Not at all Concerned,Not at all Concerned
R_1laTV7GioLkl7GC,Other (Please specify),,,,,Somewhat Concerned,,Somewhat Concerned,Somewhat Concerned
R_1Lo3vqbmrfq2OSc,Respondus,,,Somewhat Concerned,,,,Somewhat Concerned,Somewhat Concerned
R_SZEy3bxuQafYPAt,Respondus,,,Not at all Concerned,,,,Not at all Concerned,Not at all Concerned
R_1dy5ZcEklvFBkRf,RPNow (),,,,Not at all Concerned,,,Not at all Concerned,Slightly Concerned
R_zf2G4MXsH0LQbKh,Other (Please specify),,,,,Extremely Concerned,,Extremely Concerned,Extremely Concerned
R_3Ia7rRRp8jn0pVq,Respondus,,,Slightly Concerned,,,,Somewhat Concerned,Not at all Concerned
R_2ByvQ4CrDcGDzV8,Examsoft,Not at all Concerned,,,,,,Somewhat Concerned,Moderately Concerned
R_2wtsffSpp3iArtP,Other (Please specify),,,,,Somewhat Concerned,,Somewhat Concerned,Somewhat Concerned
R_DDitAE9bDhnUgql,Respondus,,,Moderately Concerned,,,,Extremely Concerned,Extremely Concerned
R_R9neLfVroeGJSj7,Examsoft,Not at all Concerned,,,,,,Not at all Concerned,Not at all Concerned
R_1DZn1lLvUnQdssQ,Respondus,,,Not at all Concerned,,,,Not at all Concerned,Not at all Concerned
R_1GJ4fI4ldXCLjOI,Other (Please specify),,,,,Slightly Concerned,,Not at all Concerned,Not at all Concerned
R_uy2ionLPQqwyGrf,Respondus,,,Somewhat Concerned,,,,Somewhat Concerned,Moderately Concerned
R_1HbC0kAIur9b835,Respondus,,,Somewhat Concerned,,,,Somewhat Concerned,Somewhat Concerned
R_QaJJ90CEf2yOZCV,Respondus,,,Slightly Concerned,,,,Not at all Concerned,Not at all Concerned
R_1Qmc5taIHgtiqm7,Respondus,,,Somewhat Concerned,,,,Moderately Concerned,Not at all Concerned
R_1JRgXi5Eg2fMWYz,RPNow (),,,,Not at all Concerned,,,Not at all Concerned,Not at all Concerned
R_2whmJviFAaRw9RV,Respondus,,,Not at all Concerned,,,,Not at all Concerned,Not at all Concerned
R_2dhlE62KjqYZ0hI,Respondus,,,Slightly Concerned,,,,Not at all Concerned,Not at all Concerned
R_1LRJoZJO7s9RGf7,Other (Please specify),,,,,Not at all Concerned,,Not at all Concerned,Not at all Concerned
R_1r07Pa4ecdVBFus,RPNow (),,,,Not at all Concerned,,,Not at all Concerned,Not at all Concerned
R_1IQQnYLDAqQoVUI,Respondus,,,Slightly Concerned,,,,Slightly Concerned,Not at all Concerned
R_OcI5fmeuckGNlqV,Respondus,,,Somewhat Concerned,,,,Slightly Concerned,Somewhat Concerned